id,scan,corner_err,corner_pct,corner_worst,pck,quad_iou,baseline_corner_err,split
train_0000,12,1.7747,0.4902,3.9546,1,0.9735,93.3828,train
train_0001,31,1.1538,0.3187,1.7844,1,0.9848,2.5917,train
train_0002,5,1.0962,0.3028,1.8802,1,0.9813,2.428,train
train_0003,48,4.5531,1.2576,6.0711,1,0.9626,2.2579,train
train_0004,17,2.3138,0.6391,2.578,1,0.9676,23.7141,train
train_0005,26,2.0713,0.5721,3.2227,1,0.9768,97.4162,train
train_0006,31,1.0968,0.3029,1.4989,1,0.9854,2.2283,train
train_0007,25,2.5145,0.6945,5.2026,1,0.9635,6.6302,train
train_0008,18,1.9097,0.5275,3.2868,1,0.973,37.7935,train
train_0009,5,2.7718,0.7656,3.6737,1,0.967,2.42,train
train_0010,44,2.5905,0.7155,7.2962,0,0.9521,90.0959,train
train_0011,17,1.2392,0.3423,1.9425,1,0.9773,2.2517,train
train_0012,24,5.5411,1.5305,8.7485,0,0.9191,128.2682,train
train_0013,37,1.4554,0.402,2.3295,1,0.9695,108.9735,train
train_0014,30,1.6194,0.4473,2.645,1,0.9723,2.4167,train
train_0015,44,2.1728,0.6002,3.3028,1,0.9508,2.7845,train
train_0016,40,2.7306,0.7542,4.6144,1,0.9773,2.5732,train
train_0017,26,1.7883,0.494,2.0988,1,0.978,57.0437,train
train_0018,9,1.5556,0.4297,2.6051,1,0.9678,2.3238,train
train_0019,50,1.6512,0.4561,3.7944,1,0.9893,2.4682,train
train_0020,1,2.3829,0.6582,2.8502,1,0.9778,90.91,train
train_0021,42,8.0839,2.2329,15.7117,0,0.8696,109.5776,train
train_0022,28,3.4733,0.9594,5.5206,1,0.9424,4.83,train
train_0023,50,1.7084,0.4719,3.3358,1,0.9803,4.3645,train
train_0024,29,1.9322,0.5337,2.8365,1,0.9859,2.4481,train
train_0025,9,1.1424,0.3156,1.7173,1,0.988,2.5673,train
train_0026,19,1.6203,0.4475,2.6208,1,0.9743,27.571,train
train_0027,5,1.4212,0.3925,1.9831,1,0.9853,2.3138,train
train_0028,29,2.5494,0.7042,4.0985,1,0.9701,73.925,train
train_0029,46,2.1324,0.589,3.0414,1,0.9746,2.2859,train
train_0030,34,1.0578,0.2922,1.9068,1,0.9779,2.5746,train
train_0031,18,2.8299,0.7817,3.6634,1,0.9665,90.4234,train
train_0032,34,3.7196,1.0274,4.3502,1,0.976,34.8956,train
train_0033,29,2.1748,0.6007,3.2066,1,0.9515,5.2225,train
train_0034,6,2.1095,0.5827,3.1206,1,0.9648,21.4807,train
train_0035,12,0.9662,0.2669,2.5364,1,0.9872,63.6609,train
train_0036,17,6.1539,1.6998,12.6304,0,0.8415,15.363,train
train_0037,6,0.5586,0.1543,0.7878,1,0.9882,90.5263,train
train_0038,50,1.9218,0.5308,3.5131,1,0.9804,1.9356,train
train_0039,12,2.3864,0.6592,2.9962,1,0.9699,2.3469,train
train_0040,17,0.6708,0.1853,1.1844,1,0.9942,2.2409,train
train_0041,42,2.4685,0.6818,3.6758,1,0.9724,4.9625,train
train_0042,19,14.6237,4.0393,32.1376,0,0.816,91.5579,train
train_0043,25,3.6993,1.0218,9.1974,0,0.952,45.2511,train
train_0044,8,1.9181,0.5298,4.0036,1,0.9805,2.1225,train
train_0045,19,1.1534,0.3186,2.7163,1,0.989,2.6209,train
train_0046,20,8.5075,2.3499,23.9258,0,0.8666,11.4664,train
train_0047,18,5.6633,1.5643,13.3127,0,0.9334,47.1476,train
train_0048,31,1.7981,0.4967,3.3558,1,0.9813,107.8503,train
train_0049,45,1.5995,0.4418,3.3533,1,0.9765,2.1469,train
train_0050,15,3.1933,0.882,8.0151,0,0.9508,2.4676,train
train_0051,36,1.5717,0.4341,2.0034,1,0.9726,104.9116,train
train_0052,14,1.999,0.5521,3.1491,1,0.9783,2.4122,train
train_0053,19,1.9542,0.5398,2.9835,1,0.9727,102.9299,train
train_0054,4,0.9223,0.2548,2.2565,1,0.9859,74.6632,train
train_0055,15,1.8685,0.5161,2.799,1,0.9795,2.6996,train
train_0056,42,2.4965,0.6896,4.1308,1,0.963,97.214,train
train_0057,21,2.0596,0.5689,3.17,1,0.9762,2.4641,train
train_0058,5,2.4794,0.6848,4.14,1,0.9498,2.4962,train
train_0059,6,1.5799,0.4364,2.2937,1,0.9753,2.1835,train
train_0060,45,11.3625,3.1385,22.2174,0,0.8991,100.8751,train
train_0061,34,3.7063,1.0237,4.2526,1,0.9562,92.9388,train
train_0062,4,2.6075,0.7202,3.9074,1,0.9806,36.0557,train
train_0063,21,1.6117,0.4452,3.4874,1,0.9704,22.6449,train
train_0064,31,1.5231,0.4207,2.4872,1,0.9747,37.0962,train
train_0065,47,1.1487,0.3173,2.0077,1,0.9873,2.2593,train
train_0066,6,1.8898,0.522,2.5904,1,0.9812,61.6582,train
train_0067,48,1.3992,0.3865,1.9745,1,0.9777,2.6722,train
train_0068,7,1.15,0.3176,1.8977,1,0.9767,103.4359,train
train_0069,42,1.4292,0.3948,2.0823,1,0.982,49.609,train
train_0070,17,2.5272,0.6981,4.1469,1,0.964,113.1043,train
train_0071,32,2.2616,0.6247,3.6906,1,0.9371,119.8037,train
train_0072,31,2.6624,0.7354,3.9776,1,0.9788,2.5591,train
train_0073,29,1.8182,0.5022,3.6646,1,0.9681,86.9363,train
train_0074,20,2.8271,0.7809,4.759,1,0.9522,102.7251,train
train_0075,8,12.3276,3.405,37.3547,0,0.8756,67.2477,train
train_0076,42,5.5396,1.5301,9.9021,0,0.9322,96.3404,train
train_0077,29,1.9077,0.5269,3.1447,1,0.9773,2.7011,train
train_0078,20,4.0989,1.1322,12.6556,0,0.9341,9.3464,train
train_0079,41,4.1622,1.1496,5.7305,1,0.9279,2.7464,train
train_0080,30,3.2271,0.8914,4.161,1,0.9703,70.867,train
train_0081,45,4.0777,1.1263,6.7155,1,0.9341,84.4058,train
train_0082,14,2.174,0.6005,3.6169,1,0.9663,2.5817,train
train_0083,7,1.4172,0.3915,2.6401,1,0.985,29.6882,train
train_0084,47,36.871,10.1843,57.997,0,0.6218,120.4801,train
train_0085,2,1.9609,0.5416,2.8075,1,0.9781,2.4038,train
train_0086,9,1.4101,0.3895,2.3991,1,0.9762,2.1055,train
train_0087,9,4.1731,1.1527,8.3264,0,0.9365,98.8585,train
train_0088,44,8.0959,2.2362,16.43,0,0.8098,116.2382,train
train_0089,43,2.9842,0.8243,3.8738,1,0.9609,24.1362,train
train_0090,48,1.5419,0.4259,2.3814,1,0.9802,2.372,train
train_0091,37,1.9095,0.5274,2.2308,1,0.9844,71.7037,train
train_0092,37,1.6935,0.4678,3.3617,1,0.9735,100.5427,train
train_0093,28,3.0684,0.8475,6.5251,1,0.9646,2.4678,train
train_0094,18,3.0943,0.8547,5.4143,1,0.9484,2.5283,train
train_0095,40,1.856,0.5127,3.0854,1,0.9813,3.0758,train
train_0096,26,2.418,0.6679,4.0948,1,0.9778,4.4164,train
train_0097,38,2.0735,0.5727,2.7901,1,0.9689,66.8453,train
train_0098,14,3.6001,0.9944,6.6105,1,0.9439,8.6843,train
train_0099,8,4.7537,1.313,14.7131,0,0.9163,11.5574,train
train_0100,9,1.2803,0.3536,3.1392,1,0.9824,73.2665,train
train_0101,24,2.3527,0.6499,3.1496,1,0.9754,2.4546,train
train_0102,38,2.7732,0.766,3.8869,1,0.96,91.0091,train
train_0103,2,2.1188,0.5852,3.0953,1,0.9695,2.2519,train
train_0104,28,25.6321,7.0799,48.5894,0,0.5868,127.0872,train
train_0105,21,1.4503,0.4006,1.7147,1,0.9841,2.3991,train
train_0106,42,2.0528,0.567,2.7483,1,0.98,2.4357,train
train_0107,3,3.959,1.0935,7.5867,0,0.9553,42.3182,train
train_0108,38,2.2933,0.6334,4.683,1,0.9603,14.554,train
train_0109,17,2.9916,0.8263,3.7665,1,0.9689,39.4004,train
train_0110,34,2.4681,0.6817,4.8269,1,0.9721,86.4959,train
train_0111,46,1.3093,0.3616,1.5367,1,0.9818,2.0573,train
train_0112,9,3.8018,1.0501,4.2724,1,0.9449,115.8723,train
train_0113,37,5.9282,1.6374,8.7551,0,0.9216,10.8725,train
train_0114,42,4.6387,1.2813,9.8302,0,0.9214,126.4286,train
train_0115,1,6.6176,1.8279,9.5179,0,0.9123,77.5692,train
train_0116,37,1.7082,0.4718,2.6646,1,0.9688,82.701,train
train_0117,9,1.07,0.2955,1.5685,1,0.9814,2.378,train
train_0118,17,1.8769,0.5184,3.3604,1,0.9743,2.5321,train
train_0119,40,2.061,0.5693,2.6131,1,0.9667,93.4543,train
train_0120,19,3.0522,0.8431,4.9335,1,0.9742,2.2234,train
train_0121,20,1.8383,0.5078,2.7571,1,0.974,86.3484,train
train_0122,24,3.7827,1.0448,4.7556,1,0.9322,90.7264,train
train_0123,4,1.1903,0.3288,1.6367,1,0.9855,2.5978,train
train_0124,16,2.1468,0.593,4.2439,1,0.973,101.9631,train
train_0125,7,3.0923,0.8541,4.7714,1,0.9655,88.0544,train
train_0126,24,1.8709,0.5168,2.1849,1,0.9693,98.0897,train
train_0127,38,3.4631,0.9566,5.1635,1,0.9527,4.4681,train
train_0128,18,3.725,1.0289,5.0609,1,0.9587,107.8833,train
train_0129,45,2.9412,0.8124,4.3939,1,0.9542,99.0849,train
train_0130,41,2.0104,0.5553,2.4462,1,0.9793,104.6092,train
train_0131,44,0.9966,0.2753,1.5836,1,0.9832,2.4125,train
train_0132,20,8.3638,2.3102,13.6465,0,0.8321,119.1484,train
train_0133,5,1.61,0.4447,2.5097,1,0.966,2.7973,train
train_0134,40,2.3924,0.6608,3.9921,1,0.9807,45.9764,train
train_0135,16,7.23,1.997,13.9061,0,0.8858,113.0957,train
train_0136,36,2.244,0.6198,3.8563,1,0.9723,14.3544,train
train_0137,8,1.4253,0.3937,2.7417,1,0.9827,73.1824,train
train_0138,26,3.8693,1.0688,5.0386,1,0.9557,2.1374,train
train_0139,5,4.4484,1.2287,9.6332,0,0.9154,15.4097,train
train_0140,43,6.3422,1.7518,12.0634,0,0.9472,12.9529,train
train_0141,19,1.844,0.5093,2.7593,1,0.9784,4.326,train
train_0142,14,2.5026,0.6912,5.5322,1,0.9671,82.9034,train
train_0143,5,1.8365,0.5073,2.7328,1,0.9618,2.4295,train
train_0144,17,22.0052,6.0781,40.5012,0,0.7155,100.046,train
train_0145,36,1.5069,0.4162,2.951,1,0.9798,96.3842,train
train_0146,1,1.7875,0.4937,2.9134,1,0.9674,11.3744,train
train_0147,26,2.5802,0.7127,4.8384,1,0.9438,16.9906,train
train_0148,34,1.1816,0.3264,2.3038,1,0.9761,4.3426,train
train_0149,3,1.2811,0.3539,2.5524,1,0.9908,2.8345,train
train_0150,41,3.4685,0.9581,5.2244,1,0.9387,11.6694,train
train_0151,18,4.4278,1.223,9.7511,0,0.9283,81.9297,train
train_0152,50,0.5016,0.1386,0.8344,1,0.9945,2.4204,train
train_0153,38,4.3108,1.1907,7.3604,0,0.9256,100.2076,train
train_0154,21,1.1036,0.3048,1.7869,1,0.975,109.227,train
train_0155,1,2.4303,0.6713,3.9799,1,0.9792,4.647,train
train_0156,25,2.4225,0.6691,3.5965,1,0.9794,2.3942,train
train_0157,45,1.2847,0.3548,1.6071,1,0.9858,16.2553,train
train_0158,26,1.6794,0.4639,2.6164,1,0.9799,2.5677,train
train_0159,14,3.9815,1.0997,6.5967,1,0.9564,2.7958,train
train_0160,24,3.202,0.8844,4.7878,1,0.9542,4.1559,train
train_0161,29,2.6593,0.7345,4.1928,1,0.9763,2.3886,train
train_0162,37,1.122,0.3099,2.1474,1,0.9838,2.3631,train
train_0163,34,1.4811,0.4091,2.5939,1,0.9718,2.3798,train
train_0164,6,2.4845,0.6862,4.5897,1,0.975,52.3788,train
train_0165,37,3.0375,0.839,6.1595,1,0.9688,10.9063,train
train_0166,34,3.3803,0.9337,6.0021,1,0.9611,11.9747,train
train_0167,41,2.0779,0.5739,2.7678,1,0.9806,68.4689,train
train_0168,46,2.3812,0.6577,2.6138,1,0.964,112.5491,train
train_0169,28,17.7261,4.8962,20.6302,0,0.7273,95.4417,train
train_0170,18,3.2585,0.9,6.6803,1,0.9444,90.3425,train
train_0171,29,3.3746,0.9321,4.2993,1,0.9599,4.6119,train
train_0172,1,3.4021,0.9397,5.4027,1,0.9416,122.3195,train
train_0173,18,3.3173,0.9163,4.93,1,0.9667,39.1173,train
train_0174,19,3.5343,0.9762,4.2459,1,0.9323,103.1935,train
train_0175,2,1.6625,0.4592,3.1928,1,0.9811,79.2659,train
train_0176,30,3.9888,1.1018,6.0518,1,0.9539,102.7763,train
train_0177,24,3.1273,0.8638,4.7896,1,0.9677,2.4938,train
train_0178,47,1.83,0.5055,3.4144,1,0.9741,66.394,train
train_0179,30,1.8768,0.5184,2.8842,1,0.9787,2.38,train
train_0180,36,9.6309,2.6602,15.8242,0,0.9143,37.3461,train
train_0181,46,1.3644,0.3769,1.5605,1,0.9778,21.3923,train
train_0182,18,1.4013,0.3871,2.2541,1,0.9821,2.3016,train
train_0183,48,2.363,0.6527,4.9778,1,0.9726,86.0439,train
train_0184,47,1.5711,0.4339,2.1833,1,0.9723,2.5975,train
train_0185,3,2.7955,0.7721,5.2096,1,0.9744,36.4023,train
train_0186,26,2.4639,0.6806,5.31,1,0.9815,79.5938,train
train_0187,32,2.629,0.7262,4.562,1,0.9623,4.9718,train
train_0188,48,0.9442,0.2608,2.1207,1,0.987,73.8998,train
train_0189,28,1.2352,0.3412,1.754,1,0.9891,88.9435,train
train_0190,50,1.8959,0.5237,3.121,1,0.9612,96.6632,train
train_0191,42,1.5989,0.4416,3.0494,1,0.979,2.7372,train
train_0192,29,3.3757,0.9324,4.4095,1,0.9653,82.9719,train
train_0193,6,1.0949,0.3024,1.7042,1,0.9812,2.1969,train
train_0194,25,2.146,0.5928,4.1719,1,0.9621,4.1999,train
train_0195,31,2.9076,0.8031,5.4536,1,0.9668,2.8551,train
train_0196,29,2.2573,0.6235,3.1673,1,0.9665,94.3403,train
train_0197,9,3.0849,0.8521,4.451,1,0.9608,88.757,train
train_0198,8,2.0265,0.5598,2.817,1,0.9782,2.0351,train
train_0199,36,3.4464,0.9519,6.9417,1,0.9566,108.1639,train
val_0000,13,1.0773,0.2976,2.3392,1,0.9874,2.3452,val
val_0001,13,1.2909,0.3566,1.6662,1,0.9742,2.2369,val
val_0002,23,1.5924,0.4399,1.6467,1,0.9787,2.5856,val
val_0003,27,3.42,0.9447,5.4054,1,0.9607,91.6938,val
val_0004,27,14.4668,3.9959,23.1304,0,0.8407,106.1855,val
val_0005,10,2.194,0.606,2.7472,1,0.972,73.3977,val
val_0006,27,2.1056,0.5816,3.772,1,0.9723,86.1179,val
val_0007,22,7.3356,2.0262,16.6424,0,0.8661,4.3368,val
val_0008,22,2.1975,0.607,3.4064,1,0.9829,87.3692,val
val_0009,27,1.3989,0.3864,3.1912,1,0.9817,98.2539,val
val_0010,13,1.7072,0.4715,2.844,1,0.9821,2.2209,val
val_0011,10,2.6297,0.7264,4.6158,1,0.9711,39.9249,val
val_0012,10,1.4985,0.4139,2.2668,1,0.9794,2.3536,val
val_0013,23,1.8401,0.5083,2.7419,1,0.9797,2.4356,val
val_0014,22,2.3638,0.6529,3.8363,1,0.973,2.7755,val
val_0015,10,0.9288,0.2565,1.9101,1,0.9869,2.1555,val
val_0016,27,3.2677,0.9026,5.4727,1,0.9674,130.7612,val
val_0017,22,1.4812,0.4091,3.2592,1,0.9866,55.5791,val
val_0018,22,0.8794,0.2429,1.2255,1,0.9844,2.3902,val
val_0019,22,1.0869,0.3002,1.7225,1,0.9866,75.6547,val
val_0020,23,1.8498,0.511,3.4474,1,0.9777,64.6529,val
val_0021,13,2.2663,0.626,4.0189,1,0.9636,2.5909,val
val_0022,13,2.4301,0.6712,3.4663,1,0.9666,2.275,val
val_0023,22,2.4406,0.6741,4.063,1,0.9644,90.5952,val
val_0024,13,0.843,0.2329,1.5502,1,0.9807,2.3678,val
val_0025,22,1.334,0.3685,1.7435,1,0.9821,2.2646,val
val_0026,10,2.3825,0.6581,4.0485,1,0.9777,2.3746,val
val_0027,10,1.5861,0.4381,3.3955,1,0.9736,90.3642,val
val_0028,22,3.6715,1.0141,5.5455,1,0.9718,62.2251,val
val_0029,22,1.6929,0.4676,2.6557,1,0.9725,2.44,val
val_0030,23,4.9994,1.3809,9.9394,0,0.9335,35.9608,val
val_0031,22,2.8901,0.7983,4.0759,1,0.9615,2.7429,val
val_0032,22,2.6861,0.7419,5.6616,1,0.9549,6.0734,val
val_0033,13,2.2856,0.6313,4.9074,1,0.9508,116.7348,val
val_0034,27,1.8594,0.5136,2.8749,1,0.9802,2.4229,val
val_0035,23,1.8999,0.5248,2.8203,1,0.9726,2.3983,val
val_0036,27,0.9927,0.2742,1.4659,1,0.9831,2.4549,val
val_0037,27,3.4409,0.9504,6.3868,1,0.9699,71.3695,val
val_0038,13,2.7196,0.7512,3.8011,1,0.9708,48.7621,val
val_0039,27,1.4336,0.396,2.7653,1,0.9803,2.159,val
val_0040,27,4.6822,1.2933,8.3516,0,0.9641,64.2907,val
val_0041,22,2.0417,0.5639,2.745,1,0.9755,42.1616,val
val_0042,23,2.5414,0.702,3.9499,1,0.9688,2.9878,val
val_0043,23,4.6761,1.2916,12.9948,0,0.9339,104.4342,val
val_0044,27,2.4606,0.6796,4.7823,1,0.9577,109.647,val
val_0045,23,1.5281,0.4221,2.6343,1,0.9644,2.5325,val
val_0046,13,1.961,0.5416,3.2423,1,0.9711,16.8356,val
val_0047,13,2.1371,0.5903,4.1914,1,0.9724,2.9821,val
val_0048,27,2.6316,0.7269,4.9592,1,0.966,63.5682,val
val_0049,10,2.052,0.5668,3.0083,1,0.9633,2.3372,val
val_0050,10,2.9707,0.8205,4.9893,1,0.9587,81.2814,val
val_0051,13,2.6656,0.7363,5.158,1,0.9489,3.1063,val
val_0052,22,3.1496,0.87,5.1776,1,0.9566,2.4403,val
val_0053,10,2.2488,0.6212,4.5507,1,0.9795,2.8347,val
val_0054,27,7.659,2.1155,12.292,0,0.8414,9.0221,val
val_0055,22,1.422,0.3928,2.3228,1,0.9802,2.2931,val
val_0056,10,4.3024,1.1884,6.8349,1,0.9426,110.4098,val
val_0057,27,1.953,0.5394,2.7786,1,0.9749,2.4184,val
val_0058,23,0.9885,0.273,1.5796,1,0.9834,2.6714,val
val_0059,22,1.6073,0.444,2.8698,1,0.9864,2.3167,val
val_0060,13,2.5461,0.7033,3.3762,1,0.9656,2.6061,val
val_0061,10,1.9446,0.5371,4.6743,1,0.9545,2.2926,val
val_0062,13,2.1198,0.5855,4.4018,1,0.9604,113.4475,val
val_0063,27,1.4,0.3867,2.092,1,0.9848,2.0949,val
val_0064,13,2.304,0.6364,4.4381,1,0.9688,2.2671,val
val_0065,22,1.2451,0.3439,2.6096,1,0.9788,2.4726,val
val_0066,22,4.3621,1.2049,9.0123,0,0.9436,2.8587,val
val_0067,23,1.4622,0.4039,2.5786,1,0.9782,2.4827,val
val_0068,13,4.6867,1.2945,5.9573,1,0.9381,4.6206,val
val_0069,27,1.819,0.5024,2.94,1,0.9711,2.5164,val
val_0070,13,5.1711,1.4283,10.6104,0,0.9313,96.6934,val
val_0071,10,2.3641,0.653,2.9552,1,0.9647,2.4416,val
val_0072,22,2.6759,0.7391,4.1136,1,0.9548,2.2217,val
val_0073,23,3.4878,0.9634,5.2942,1,0.972,2.4798,val
val_0074,23,5.4276,1.4992,13.3042,0,0.8687,115.827,val
val_0075,10,2.0618,0.5695,2.6229,1,0.9712,94.3729,val
val_0076,13,2.7349,0.7554,3.7475,1,0.9611,5.7275,val
val_0077,22,3.5993,0.9942,4.0488,1,0.9494,2.4078,val
val_0078,22,2.1175,0.5849,4.2408,1,0.973,19.9048,val
val_0079,22,3.1991,0.8836,4.9104,1,0.9538,94.6584,val
val_0080,22,2.7429,0.7576,4.4261,1,0.9734,95.3673,val
val_0081,27,1.4893,0.4114,1.9998,1,0.9632,2.7119,val
val_0082,13,2.337,0.6455,3.0981,1,0.9718,2.4729,val
val_0083,13,2.3712,0.655,5.2793,1,0.9555,86.8998,val
val_0084,13,0.7832,0.2163,1.5982,1,0.9832,2.3458,val
val_0085,10,1.6573,0.4578,3.2779,1,0.9712,2.7182,val
val_0086,13,1.715,0.4737,2.3843,1,0.9832,66.8353,val
val_0087,27,2.4766,0.6841,5.0257,1,0.9693,1.9966,val
val_0088,13,2.6871,0.7422,3.5862,1,0.9461,110.3538,val
val_0089,13,1.7427,0.4814,2.805,1,0.9705,2.5865,val
val_0090,13,7.4261,2.0512,14.353,0,0.8912,109.0744,val
val_0091,27,5.5578,1.5351,14.6706,0,0.9034,110.0738,val
val_0092,10,1.7829,0.4925,3.1974,1,0.9784,47.7809,val
val_0093,13,2.8001,0.7734,3.448,1,0.9714,2.3315,val
val_0094,10,2.1611,0.5969,2.8861,1,0.9686,87.8041,val
val_0095,22,3.2778,0.9054,5.6393,1,0.9461,5.2032,val
val_0096,27,1.7114,0.4727,2.5088,1,0.9821,2.3966,val
val_0097,23,2.5143,0.6945,3.5238,1,0.9533,91.1072,val
val_0098,23,5.3438,1.476,7.2739,0,0.9389,109.3843,val
val_0099,22,2.6782,0.7398,5.0587,1,0.9502,4.2209,val
val_0100,23,2.6043,0.7193,4.5162,1,0.9773,2.8068,val
val_0101,10,5.0098,1.3838,8.0726,0,0.9407,44.3649,val
val_0102,13,3.8003,1.0497,11.2474,0,0.9064,117.9252,val
val_0103,27,0.7385,0.204,1.3989,1,0.9878,2.5522,val
val_0104,22,1.7372,0.4798,2.2397,1,0.9659,2.2439,val
val_0105,10,2.3079,0.6375,3.2441,1,0.9669,2.728,val
val_0106,22,2.0987,0.5797,3.8859,1,0.9747,4.8669,val
val_0107,23,2.8759,0.7944,3.142,1,0.9808,2.7624,val
val_0108,13,4.6004,1.2707,6.8492,1,0.9135,106.6192,val
val_0109,10,1.886,0.5209,2.2514,1,0.9795,4.3089,val
val_0110,23,3.4914,0.9644,5.6659,1,0.9547,2.2865,val
val_0111,22,2.0555,0.5678,2.9686,1,0.9765,53.2802,val
val_0112,22,1.2857,0.3551,1.5602,1,0.9819,70.9765,val
val_0113,10,3.2758,0.9048,5.1689,1,0.9741,2.5761,val
val_0114,23,5.4289,1.4995,13.636,0,0.9244,90.8145,val
val_0115,10,2.6739,0.7386,3.7975,1,0.9267,110.8825,val
val_0116,23,1.3886,0.3835,2.1478,1,0.9793,2.4736,val
val_0117,23,3.0067,0.8305,4.4126,1,0.956,99.0018,val
val_0118,10,1.643,0.4538,2.7343,1,0.9822,2.5777,val
val_0119,13,1.1551,0.319,1.938,1,0.9853,22.2176,val
val_0120,27,2.6538,0.733,6.505,1,0.9782,35.5152,val
val_0121,13,1.2478,0.3447,1.7425,1,0.9864,24.9172,val
val_0122,27,0.7509,0.2074,1.1513,1,0.9927,2.4458,val
val_0123,22,1.721,0.4754,3.5817,1,0.9753,2.7079,val
val_0124,27,2.5798,0.7126,4.7617,1,0.9732,56.3105,val
val_0125,10,2.0775,0.5738,2.6765,1,0.9702,2.658,val
val_0126,10,3.2755,0.9047,5.4553,1,0.9331,44.5591,val
val_0127,13,1.5062,0.416,2.1636,1,0.9697,2.5115,val
val_0128,27,2.1151,0.5842,2.7848,1,0.9754,89.6529,val
val_0129,27,2.5217,0.6965,6.0008,1,0.9699,56.677,val
val_0130,23,1.7636,0.4871,2.9944,1,0.976,2.492,val
val_0131,27,4.0581,1.1209,7.0433,1,0.9515,2.4567,val
val_0132,10,1.4305,0.3951,2.355,1,0.9845,2.2711,val
val_0133,23,2.0096,0.5551,4.055,1,0.9706,2.3066,val
val_0134,22,2.6674,0.7368,3.8503,1,0.9758,2.3039,val
val_0135,22,2.0049,0.5538,3.5728,1,0.9722,24.9481,val
val_0136,23,1.7658,0.4877,3.1424,1,0.9723,2.1056,val
val_0137,10,4.4102,1.2181,6.3314,1,0.9378,36.6804,val
val_0138,22,2.4069,0.6648,4.5919,1,0.9772,54.7116,val
val_0139,27,2.4012,0.6632,3.2175,1,0.9726,2.0886,val
val_0140,22,2.5837,0.7137,4.0221,1,0.9646,22.5748,val
val_0141,13,2.3887,0.6598,2.888,1,0.9696,2.3839,val
val_0142,23,3.4687,0.9581,5.5032,1,0.9306,2.1982,val
val_0143,23,1.4789,0.4085,2.3785,1,0.9835,2.1911,val
val_0144,22,2.2164,0.6122,3.2913,1,0.9653,2.4902,val
val_0145,23,0.8264,0.2283,1.7322,1,0.9908,2.2345,val
val_0146,27,8.1483,2.2507,12.4425,0,0.8964,142.6367,val
val_0147,10,1.5493,0.4279,1.8839,1,0.9634,2.5544,val
val_0148,10,2.2325,0.6167,4.0453,1,0.9454,110.4968,val
val_0149,23,1.9288,0.5328,2.4184,1,0.9643,106.8835,val
val_0150,13,2.3302,0.6436,4.2879,1,0.9769,2.5847,val
val_0151,27,2.4154,0.6672,5.6228,1,0.9673,116.0755,val
val_0152,13,1.166,0.3221,1.7013,1,0.9795,2.6698,val
val_0153,13,2.0002,0.5525,2.8492,1,0.9788,2.8432,val
val_0154,22,2.1923,0.6055,3.6891,1,0.9592,102.8166,val
val_0155,22,3.9612,1.0941,8.7485,0,0.9594,2.3019,val
val_0156,27,2.9324,0.81,5.7322,1,0.9461,113.1573,val
val_0157,13,2.1602,0.5967,2.5134,1,0.9767,2.4843,val
val_0158,10,2.4035,0.6639,3.0943,1,0.9763,2.3088,val
val_0159,13,1.8991,0.5246,2.9578,1,0.9798,2.9358,val
val_0160,13,2.0007,0.5526,2.6432,1,0.9804,16.4367,val
val_0161,10,4.1389,1.1432,7.9779,0,0.9587,60.9206,val
val_0162,22,3.3903,0.9364,4.5193,1,0.9712,60.1354,val
val_0163,10,2.069,0.5715,4.4874,1,0.9715,5.4889,val
val_0164,22,0.8156,0.2253,1.1769,1,0.9826,2.4675,val
val_0165,22,5.1369,1.4189,12.0383,0,0.9548,59.614,val
val_0166,22,3.9257,1.0843,6.9055,1,0.9341,120.5389,val
val_0167,10,2.326,0.6425,3.3556,1,0.9615,4.1344,val
val_0168,22,1.8872,0.5213,2.42,1,0.9823,2.2458,val
val_0169,10,5.343,1.4758,9.3158,0,0.9359,83.4904,val
val_0170,23,3.1541,0.8712,6.1743,1,0.9592,2.6643,val
val_0171,23,1.253,0.3461,2.3125,1,0.9806,88.5789,val
val_0172,23,1.5568,0.43,3.4787,1,0.979,10.2689,val
val_0173,13,3.2194,0.8892,5.1379,1,0.9503,2.564,val
val_0174,23,2.0141,0.5563,2.978,1,0.9792,84.3211,val
val_0175,22,0.8073,0.223,1.6602,1,0.9899,88.7006,val
val_0176,22,2.6597,0.7347,4.5533,1,0.959,130.8231,val
val_0177,22,1.4083,0.389,2.1613,1,0.9867,2.509,val
val_0178,23,2.7101,0.7486,4.2329,1,0.9557,2.2748,val
val_0179,22,10.5422,2.9119,22.5908,0,0.7335,125.4353,val
val_0180,22,2.0004,0.5525,3.1246,1,0.9768,2.6416,val
val_0181,10,1.5234,0.4208,2.1739,1,0.9815,4.6137,val
val_0182,27,6.3049,1.7415,16.1723,0,0.9311,2.3867,val
val_0183,10,3.1056,0.8578,4.8706,1,0.9434,97.4781,val
val_0184,22,2.9321,0.8099,4.963,1,0.9595,91.8315,val
val_0185,10,3.9836,1.1003,10.1824,0,0.9478,117.2964,val
val_0186,23,8.4343,2.3297,9.3995,0,0.8846,90.5188,val
val_0187,23,1.617,0.4466,2.0226,1,0.979,2.4031,val
val_0188,22,4.1646,1.1503,6.2213,1,0.9521,88.9636,val
val_0189,22,1.9302,0.5331,2.8416,1,0.9521,2.9141,val
val_0190,13,1.8468,0.5101,2.4069,1,0.9676,2.9724,val
val_0191,23,2.9109,0.804,5.5866,1,0.9458,6.1047,val
val_0192,23,3.0493,0.8423,5.5859,1,0.9702,94.2228,val
val_0193,13,10.3367,2.8551,16.1834,0,0.9015,69.5824,val
val_0194,13,2.24,0.6187,3.1468,1,0.9804,2.6685,val
val_0195,22,1.4913,0.4119,2.2726,1,0.9751,6.2264,val
val_0196,27,3.2366,0.894,7.4028,0,0.9476,2.7485,val
val_0197,22,1.7105,0.4725,2.3486,1,0.9767,2.1962,val
val_0198,27,1.3377,0.3695,2.4328,1,0.9687,111.1053,val
val_0199,10,2.2219,0.6137,2.6739,1,0.9581,2.5122,val
test_0000,35,3.2484,0.8973,6.8884,1,0.9628,3.0443,test
test_0001,49,1.2783,0.3531,2.3136,1,0.9841,2.4221,test
test_0002,35,1.2942,0.3575,2.0504,1,0.9847,2.4102,test
test_0003,49,1.6593,0.4583,2.6389,1,0.9877,2.269,test
test_0004,11,0.9224,0.2548,1.0372,1,0.9857,2.3749,test
test_0005,11,2.1945,0.6061,3.0887,1,0.9662,2.2196,test
test_0006,39,1.4757,0.4076,2.2882,1,0.9831,2.7439,test
test_0007,39,1.5375,0.4247,2.8435,1,0.9825,2.3148,test
test_0008,11,3.6103,0.9972,6.906,1,0.9688,2.1712,test
test_0009,35,3.4994,0.9666,4.6123,1,0.9744,31.6972,test
test_0010,39,6.6546,1.8381,8.2636,0,0.9005,103.8141,test
test_0011,11,2.2952,0.634,5.028,1,0.9752,2.4007,test
test_0012,33,1.4258,0.3938,2.7291,1,0.9752,2.28,test
test_0013,35,2.0837,0.5755,4.1083,1,0.9693,2.6815,test
test_0014,49,1.0933,0.302,2.017,1,0.9857,2.4007,test
test_0015,33,2.4167,0.6675,4.359,1,0.9745,107.964,test
test_0016,49,6.2844,1.7358,13.2882,0,0.9102,15.6178,test
test_0017,11,1.9848,0.5482,3.0092,1,0.9815,2.5308,test
test_0018,33,2.4634,0.6804,3.3618,1,0.9686,2.6199,test
test_0019,33,2.5774,0.7119,3.7309,1,0.9718,2.2965,test
test_0020,49,9.6973,2.6785,23.8207,0,0.8892,100.0148,test
test_0021,33,0.766,0.2116,1.1667,1,0.9906,80.5914,test
test_0022,11,0.9076,0.2507,1.8462,1,0.979,2.6234,test
test_0023,49,2.3418,0.6468,4.4599,1,0.9708,2.4107,test
test_0024,33,4.588,1.2673,9.7826,0,0.939,112.8608,test
test_0025,33,1.4835,0.4098,1.842,1,0.976,57.7427,test
test_0026,35,2.4034,0.6638,5.0637,1,0.9587,4.525,test
test_0027,39,1.6654,0.46,2.8556,1,0.9794,2.2515,test
test_0028,49,1.5598,0.4308,2.1035,1,0.9752,6.24,test
test_0029,39,0.5154,0.1423,0.9847,1,0.9899,2.3136,test
test_0030,39,3.1154,0.8605,5.688,1,0.9356,6.5638,test
test_0031,33,2.8456,0.786,6.4686,1,0.9661,2.4296,test
test_0032,35,4.6025,1.2713,6.8442,1,0.9307,113.1951,test
test_0033,11,0.906,0.2502,1.1982,1,0.9865,2.3789,test
test_0034,35,3.0443,0.8409,4.8041,1,0.9183,2.2782,test
test_0035,33,3.2119,0.8872,5.319,1,0.9552,99.9641,test
test_0036,49,1.2857,0.3551,2.7209,1,0.9678,2.0052,test
test_0037,11,1.6988,0.4692,2.8745,1,0.9696,2.7893,test
test_0038,11,4.9213,1.3593,11.1199,0,0.9241,157.3996,test
test_0039,49,4.0295,1.113,5.9559,1,0.9686,5.6026,test
test_0040,49,2.5699,0.7099,4.4993,1,0.9371,119.8319,test
test_0041,35,2.2414,0.6191,2.8889,1,0.9612,2.6888,test
test_0042,33,2.7943,0.7718,4.8285,1,0.9729,71.0693,test
test_0043,35,6.3859,1.7639,10.5812,0,0.9261,133.3636,test
test_0044,35,1.9395,0.5357,2.7243,1,0.9791,3.0285,test
test_0045,39,1.8274,0.5048,2.5158,1,0.9757,2.5398,test
test_0046,35,2.2464,0.6205,4.0797,1,0.9617,99.6309,test
test_0047,35,0.8744,0.2415,1.5098,1,0.984,2.4066,test
test_0048,39,8.6028,2.3762,25.735,0,0.8845,59.445,test
test_0049,49,1.7016,0.47,2.0436,1,0.9738,79.9507,test
test_0050,49,3.0803,0.8508,4.9452,1,0.9424,114.2783,test
test_0051,35,3.3744,0.9321,7.0782,1,0.9686,2.4562,test
test_0052,35,6.5866,1.8193,11.5992,0,0.8849,4.3732,test
test_0053,11,1.0279,0.2839,1.6352,1,0.9904,2.3796,test
test_0054,33,3.7441,1.0342,5.8043,1,0.9587,93.6269,test
test_0055,39,5.8894,1.6267,15.068,0,0.9083,6.002,test
test_0056,35,1.8545,0.5123,2.2145,1,0.9748,2.8403,test
test_0057,11,2.44,0.674,4.2554,1,0.9807,68.1018,test
test_0058,33,8.6099,2.3782,21.0561,0,0.8478,105.2134,test
test_0059,39,1.8715,0.5169,2.283,1,0.9778,48.2524,test
test_0060,11,4.3179,1.1927,8.4938,0,0.9246,118.4237,test
test_0061,49,1.7738,0.49,2.6674,1,0.9759,2.1575,test
test_0062,49,2.3578,0.6513,5.0166,1,0.9687,92.5472,test
test_0063,11,7.2275,1.9963,14.605,0,0.8873,117.8207,test
test_0064,11,3.8354,1.0594,4.5738,1,0.9494,115.3733,test
test_0065,11,3.006,0.8303,5.6873,1,0.9624,101.6835,test
test_0066,11,2.8914,0.7986,5.5071,1,0.9543,2.3868,test
test_0067,39,1.0856,0.2999,1.8088,1,0.9829,2.3633,test
test_0068,11,1.3201,0.3646,1.6625,1,0.9794,95.7822,test
test_0069,35,6.0789,1.6791,7.2983,0,0.9487,147.6124,test
test_0070,33,4.3453,1.2002,8.419,0,0.9467,2.6327,test
test_0071,49,3.4555,0.9545,5.479,1,0.9719,45.7162,test
test_0072,33,2.9076,0.8031,3.9449,1,0.9746,2.8685,test
test_0073,35,1.5931,0.44,2.1099,1,0.9805,2.3707,test
test_0074,11,1.687,0.466,4.2921,1,0.9497,2.2906,test
test_0075,49,1.6644,0.4597,2.1507,1,0.9774,2.4773,test
test_0076,33,23.0329,6.362,36.0114,0,0.776,28.0059,test
test_0077,39,2.1332,0.5892,3.2313,1,0.9714,2.6365,test
test_0078,39,1.4557,0.4021,2.2375,1,0.9697,2.3208,test
test_0079,49,4.8716,1.3456,6.9614,1,0.9474,105.8902,test
test_0080,49,7.9234,2.1886,11.4428,0,0.8908,120.7855,test
test_0081,49,1.7195,0.4749,2.6494,1,0.9682,107.2023,test
test_0082,39,2.1934,0.6058,3.4109,1,0.9562,2.5015,test
test_0083,49,1.6623,0.4592,2.2716,1,0.9786,104.2363,test
test_0084,49,1.5317,0.4231,2.5892,1,0.9794,67.3288,test
test_0085,11,0.998,0.2757,1.5633,1,0.991,2.5244,test
test_0086,35,11.8018,3.2598,31.6963,0,0.889,52.0166,test
test_0087,39,2.9412,0.8124,3.8419,1,0.9585,107.2397,test
test_0088,39,3.7068,1.0239,7.4374,0,0.92,2.9553,test
test_0089,39,1.7708,0.4891,2.6734,1,0.9776,2.4816,test
test_0090,49,5.1317,1.4174,8.8005,0,0.9425,37.6847,test
test_0091,33,2.99,0.8259,4.145,1,0.9732,120.0397,test
test_0092,39,4.0982,1.132,6.1545,1,0.9515,2.2573,test
test_0093,33,4.5174,1.2478,7.7415,0,0.929,79.411,test
test_0094,11,5.1636,1.4262,6.7355,1,0.9293,71.7331,test
test_0095,49,1.9027,0.5256,2.9229,1,0.9715,86.9503,test
test_0096,39,1.1642,0.3216,2.0432,1,0.9851,5.3677,test
test_0097,35,1.2224,0.3376,2.4568,1,0.9862,2.5054,test
test_0098,33,4.8679,1.3446,7.3382,0,0.8921,114.8849,test
test_0099,49,1.5957,0.4408,3.2214,1,0.9705,2.5202,test
test_0100,33,18.702,5.1658,31.3367,0,0.7716,74.044,test
test_0101,33,1.7687,0.4885,3.1206,1,0.9727,4.1364,test
test_0102,33,0.9594,0.265,1.3441,1,0.9852,2.2822,test
test_0103,33,4.2058,1.1617,7.5704,0,0.9456,31.9166,test
test_0104,35,6.4822,1.7905,16.2576,0,0.8871,83.6754,test
test_0105,35,3.1255,0.8633,4.8224,1,0.9616,2.426,test
test_0106,33,2.3256,0.6424,4.0394,1,0.9821,75.2059,test
test_0107,11,11.6636,3.2216,14.2659,0,0.8202,88.5505,test
test_0108,49,4.6789,1.2924,8.9743,0,0.9447,83.5354,test
test_0109,11,2.9997,0.8286,5.1676,1,0.9634,2.2653,test
test_0110,39,1.6616,0.459,2.7563,1,0.9776,2.3788,test
test_0111,39,1.024,0.2828,2.7875,1,0.9847,80.4764,test
test_0112,11,5.2938,1.4622,9.1829,0,0.9334,94.9229,test
test_0113,35,2.4073,0.6649,4.711,1,0.9732,55.097,test
test_0114,39,1.905,0.5262,2.6176,1,0.9732,20.925,test
test_0115,11,2.7728,0.7659,5.1496,1,0.9556,110.0273,test
test_0116,11,2.8476,0.7866,3.4522,1,0.958,2.5844,test
test_0117,39,2.0327,0.5615,3.2384,1,0.9768,4.2389,test
test_0118,35,3.0908,0.8537,6.9638,1,0.9391,28.0026,test
test_0119,49,2.8834,0.7964,3.0987,1,0.9387,2.4586,test
test_0120,11,1.5624,0.4316,1.9691,1,0.9711,2.4415,test
test_0121,33,1.8975,0.5241,2.306,1,0.9812,2.3609,test
test_0122,11,1.8271,0.5047,2.4706,1,0.9719,21.7262,test
test_0123,39,2.7508,0.7598,5.3102,1,0.9664,2.4128,test
test_0124,49,1.4725,0.4067,2.5102,1,0.9729,1.9552,test
test_0125,39,1.21,0.3342,1.7222,1,0.9844,77.2928,test
test_0126,11,4.6556,1.2859,9.7576,0,0.9394,5.5848,test
test_0127,35,2.2575,0.6236,3.5006,1,0.9711,2.8345,test
test_0128,11,6.4762,1.7888,11.8201,0,0.8918,97.7639,test
test_0129,35,3.1297,0.8645,5.1315,1,0.9712,15.5585,test
test_0130,39,2.3525,0.6498,3.1264,1,0.9766,2.426,test
test_0131,35,2.479,0.6847,4.958,1,0.963,2.7053,test
test_0132,49,1.3953,0.3854,1.9721,1,0.9818,2.1242,test
test_0133,39,2.6935,0.744,5.9549,1,0.9655,2.3384,test
test_0134,39,1.5405,0.4255,2.0315,1,0.975,2.1809,test
test_0135,49,1.2701,0.3508,1.4341,1,0.9795,94.5631,test
test_0136,11,1.4266,0.394,2.2534,1,0.9778,2.3767,test
test_0137,49,0.8245,0.2277,1.1997,1,0.9939,2.2322,test
test_0138,35,3.3397,0.9225,6.1671,1,0.9656,122.5707,test
test_0139,39,4.7321,1.3071,6.4874,1,0.9223,20.9355,test
test_0140,39,2.2607,0.6244,4.6935,1,0.9694,2.7262,test
test_0141,35,6.6073,1.825,7.1777,1,0.9242,81.9035,test
test_0142,49,2.0047,0.5537,2.9663,1,0.9716,102.4382,test
test_0143,49,2.6652,0.7362,4.0942,1,0.9555,2.1891,test
test_0144,35,2.0072,0.5544,3.952,1,0.9636,106.8878,test
test_0145,11,2.9998,0.8286,5.3937,1,0.9679,56.755,test
test_0146,35,1.8046,0.4985,2.7061,1,0.9794,2.3429,test
test_0147,33,3.867,1.0681,6.2336,1,0.9518,105.5988,test
test_0148,35,2.1154,0.5843,2.6737,1,0.9663,93.7599,test
test_0149,49,1.5532,0.429,2.3421,1,0.9826,2.1085,test
test_0150,33,1.6598,0.4585,2.3076,1,0.9757,2.3103,test
test_0151,35,2.906,0.8027,6.3102,1,0.9405,101.4688,test
test_0152,33,1.9873,0.5489,4.3999,1,0.9683,2.6647,test
test_0153,33,22.0738,6.0971,51.9867,0,0.8217,69.014,test
test_0154,33,1.8653,0.5152,3.5445,1,0.9849,2.4675,test
test_0155,39,2.9029,0.8018,5.9492,1,0.9694,69.0667,test
test_0156,11,1.0645,0.294,1.4363,1,0.9829,2.9289,test
test_0157,33,2.2834,0.6307,4.6644,1,0.9529,2.4477,test
test_0158,11,0.9488,0.2621,1.2259,1,0.9782,2.5069,test
test_0159,39,1.7827,0.4924,2.9505,1,0.9796,5.5384,test
test_0160,35,2.4932,0.6886,5.4542,1,0.9746,101.0278,test
test_0161,35,2.1756,0.6009,3.1194,1,0.9687,57.7778,test
test_0162,49,2.3616,0.6523,5.7013,1,0.9713,2.3616,test
test_0163,35,1.0975,0.3031,2.1164,1,0.9842,67.5294,test
test_0164,11,2.849,0.7869,3.3481,1,0.967,2.4623,test
test_0165,33,12.8611,3.5524,16.541,0,0.901,84.6903,test
test_0166,39,3.1644,0.874,5.9947,1,0.9725,83.4524,test
test_0167,11,2.5008,0.6907,4.0755,1,0.9701,106.3736,test
test_0168,39,2.0896,0.5772,3.7931,1,0.9647,93.3422,test
test_0169,49,1.2607,0.3482,1.7119,1,0.9684,2.0031,test
test_0170,39,0.885,0.2445,1.6792,1,0.9859,81.7353,test
test_0171,11,1.5839,0.4375,2.466,1,0.9687,105.2327,test
test_0172,33,7.5187,2.0768,18.054,0,0.8692,113.4597,test
test_0173,35,2.3912,0.6605,3.8516,1,0.9669,5.1536,test
test_0174,35,1.6343,0.4514,2.0701,1,0.9784,50.5324,test
test_0175,33,3.9592,1.0936,6.6341,1,0.9418,96.5223,test
test_0176,35,3.8524,1.0641,6.0299,1,0.9513,135.615,test
test_0177,49,5.7884,1.5988,18.2244,0,0.9394,110.0982,test
test_0178,35,2.2728,0.6278,4.5399,1,0.9776,62.8264,test
test_0179,49,1.5663,0.4326,2.6462,1,0.9823,4.9755,test
test_0180,33,1.3428,0.3709,2.1045,1,0.9856,79.4401,test
test_0181,39,1.6329,0.451,2.9662,1,0.9703,2.282,test
test_0182,35,1.3829,0.382,3.2956,1,0.9828,2.4574,test
test_0183,33,0.8097,0.2236,1.4279,1,0.9887,2.4992,test
test_0184,49,3.935,1.0869,7.2108,1,0.9414,103.784,test
test_0185,11,2.1459,0.5927,3.438,1,0.9701,2.6573,test
test_0186,11,2.8808,0.7957,4.8018,1,0.9699,49.1436,test
test_0187,35,2.2479,0.6209,3.5405,1,0.9735,82.8926,test
test_0188,33,1.4105,0.3896,2.4442,1,0.983,2.6395,test
test_0189,33,1.9944,0.5509,4.304,1,0.977,2.3004,test
test_0190,33,1.8648,0.5151,2.8926,1,0.9719,66.2237,test
test_0191,11,1.2602,0.3481,2.4831,1,0.9743,2.189,test
test_0192,33,1.6985,0.4692,3.8066,1,0.9577,112.0475,test
test_0193,35,2.2709,0.6272,5.2204,1,0.9739,2.6899,test
test_0194,49,1.9107,0.5278,3.3202,1,0.9767,106.9025,test
test_0195,35,1.5235,0.4208,2.2453,1,0.9797,2.8753,test
test_0196,49,5.1283,1.4165,10.5917,0,0.9295,10.8356,test
test_0197,11,2.2853,0.6312,2.8561,1,0.9634,2.4543,test
test_0198,33,2.0021,0.553,3.113,1,0.9719,4.4244,test
test_0199,35,2.8098,0.7761,6.7992,1,0.9546,2.1949,test
