id,scan,input_psnr,input_ssim,psnr,ssim,split
train_0000,12,19.2154,0.8138,23.1687,0.9022,train
train_0001,31,20.6721,0.8478,25.8591,0.9465,train
train_0002,5,16.2714,0.8292,25.5711,0.9507,train
train_0003,48,13.2589,0.8943,27.0843,0.9653,train
train_0004,17,21.4917,0.9292,27.2354,0.9567,train
train_0005,26,15.6605,0.825,22.4334,0.8757,train
train_0006,31,18.8848,0.8391,25.5153,0.9448,train
train_0007,25,6.8729,0.7009,21.7506,0.8904,train
train_0008,18,8.2229,0.7066,21.5044,0.8936,train
train_0009,5,5.7998,0.6554,21.4178,0.8843,train
train_0010,44,12.0735,0.8388,23.2556,0.9194,train
train_0011,17,5.2109,0.6937,26.5845,0.9537,train
train_0012,24,22.774,0.9306,27.8464,0.9647,train
train_0013,37,9.4119,0.7584,23.8979,0.9361,train
train_0014,30,7.4303,0.7628,26.6191,0.959,train
train_0015,44,18.1312,0.8706,22.9614,0.9176,train
train_0016,40,13.5579,0.8322,24.4265,0.9287,train
train_0017,26,20.5152,0.8454,24.7772,0.9248,train
train_0018,9,18.5159,0.793,21.2448,0.8702,train
train_0019,50,6.7227,0.6957,26.708,0.9549,train
train_0020,1,17.0979,0.7604,20.1276,0.8257,train
train_0021,42,4.9825,0.6089,22.6328,0.9062,train
train_0022,28,13.2268,0.7888,22.4128,0.8908,train
train_0023,50,13.3166,0.8061,25.179,0.9332,train
train_0024,29,10.5453,0.7756,24.9245,0.9439,train
train_0025,9,18.3886,0.7926,21.5653,0.8869,train
train_0026,19,18.2551,0.8294,22.5081,0.9026,train
train_0027,5,12.0739,0.8276,25.5227,0.9494,train
train_0028,29,9.6381,0.7633,25.0547,0.9424,train
train_0029,46,19.2933,0.8805,24.8783,0.9567,train
train_0030,34,9.1779,0.7723,25.698,0.9509,train
train_0031,18,16.3766,0.8098,22.5226,0.9224,train
train_0032,34,10.7878,0.8129,27.0454,0.9612,train
train_0033,29,12.0745,0.7883,20.0684,0.8335,train
train_0034,6,19.8262,0.8384,22.667,0.904,train
train_0035,12,16.5137,0.8132,25.1912,0.9237,train
train_0036,17,13.4231,0.8919,26.1905,0.9501,train
train_0037,6,13.2961,0.8096,22.727,0.9041,train
train_0038,50,10.1602,0.7693,22.6829,0.8911,train
train_0039,12,6.43,0.6742,24.9691,0.9254,train
train_0040,17,22.1971,0.9314,29.3768,0.9758,train
train_0041,42,19.6371,0.8298,22.3228,0.8978,train
train_0042,19,12.8244,0.8239,26.0734,0.9551,train
train_0043,25,7.9809,0.7509,23.3455,0.9254,train
train_0044,8,14.4656,0.8324,24.4995,0.9409,train
train_0045,19,15.2092,0.8473,26.0948,0.9462,train
train_0046,20,19.8613,0.9324,30.5674,0.9823,train
train_0047,18,10.134,0.7886,26.8222,0.9649,train
train_0048,31,14.6334,0.8169,21.4622,0.8614,train
train_0049,45,18.8658,0.8771,24.4968,0.9477,train
train_0050,15,20.8006,0.8656,24.0168,0.9254,train
train_0051,36,9.834,0.7418,21.1964,0.8794,train
train_0052,14,21.2704,0.9296,26.491,0.9517,train
train_0053,19,12.4813,0.8135,25.0837,0.9396,train
train_0054,4,16.9568,0.8635,28.463,0.9738,train
train_0055,15,13.75,0.8318,21.132,0.8807,train
train_0056,42,19.0954,0.8316,23.2268,0.9132,train
train_0057,21,10.6751,0.8219,23.3575,0.9269,train
train_0058,5,8.1104,0.7333,21.6898,0.8909,train
train_0059,6,12.7321,0.8235,21.4306,0.8809,train
train_0060,45,8.159,0.7618,23.759,0.9354,train
train_0061,34,12.0126,0.793,23.1237,0.9066,train
train_0062,4,7.7152,0.7508,28.3467,0.9747,train
train_0063,21,7.3488,0.7474,23.9958,0.9394,train
train_0064,31,20.18,0.8469,21.3668,0.8766,train
train_0065,47,20.2626,0.8422,22.7558,0.9038,train
train_0066,6,6.3496,0.6895,26.298,0.9559,train
train_0067,48,18.2335,0.9131,25.0293,0.9464,train
train_0068,7,13.0418,0.8059,21.3983,0.8813,train
train_0069,42,8.399,0.7728,27.1457,0.9678,train
train_0070,17,9.1883,0.8363,25.2681,0.9415,train
train_0071,32,21.3979,0.8809,26.2797,0.9572,train
train_0072,31,15.3366,0.8278,24.383,0.9305,train
train_0073,29,10.3259,0.7797,24.4778,0.9298,train
train_0074,20,11.6169,0.8939,25.5618,0.9509,train
train_0075,8,20.9247,0.8615,26.28,0.9573,train
train_0076,42,10.3401,0.7827,24.5667,0.9397,train
train_0077,29,14.8166,0.8122,21.088,0.8639,train
train_0078,20,11.3393,0.8765,29.1677,0.9771,train
train_0079,41,10.4525,0.8102,22.9759,0.9061,train
train_0080,30,15.7081,0.8824,26.7434,0.9578,train
train_0081,45,10.4086,0.815,22.4602,0.9104,train
train_0082,14,21.8607,0.9293,28.6562,0.9675,train
train_0083,7,5.0688,0.6149,26.5803,0.9596,train
train_0084,47,19.6982,0.8238,21.1314,0.8451,train
train_0085,2,7.8957,0.7379,26.2267,0.9579,train
train_0086,9,18.4533,0.791,23.4282,0.9289,train
train_0087,9,17.7948,0.7741,21.5953,0.889,train
train_0088,44,15.8655,0.853,23.2552,0.9213,train
train_0089,43,7.99,0.7352,24.4921,0.9365,train
train_0090,48,11.6913,0.8914,29.0708,0.9781,train
train_0091,37,20.2905,0.8488,26.7558,0.9636,train
train_0092,37,18.5133,0.8212,20.2372,0.8512,train
train_0093,28,19.2399,0.8482,23.543,0.9205,train
train_0094,18,10.092,0.751,20.8291,0.8744,train
train_0095,40,19.0096,0.8477,22.3531,0.8912,train
train_0096,26,13.9488,0.8238,23.8969,0.9038,train
train_0097,38,8.0407,0.6943,22.0488,0.8672,train
train_0098,14,10.4965,0.8696,26.2374,0.9509,train
train_0099,8,13.9671,0.8234,20.8729,0.8683,train
train_0100,9,17.9959,0.796,23.6038,0.9309,train
train_0101,24,10.3886,0.8729,28.3569,0.9682,train
train_0102,38,12.1256,0.7709,22.2694,0.8765,train
train_0103,2,7.1604,0.7442,23.4814,0.922,train
train_0104,28,17.0829,0.7996,23.1265,0.907,train
train_0105,21,6.3226,0.709,24.532,0.9372,train
train_0106,42,8.7247,0.7482,24.3864,0.9327,train
train_0107,3,19.7347,0.8827,27.7287,0.9621,train
train_0108,38,7.7392,0.6969,22.0325,0.8633,train
train_0109,17,9.1628,0.8298,28.3549,0.9696,train
train_0110,34,19.997,0.8418,24.0501,0.9236,train
train_0111,46,16.2667,0.8594,22.2998,0.9156,train
train_0112,9,18.9156,0.7962,21.9817,0.8908,train
train_0113,37,13.155,0.8052,21.6284,0.8911,train
train_0114,42,16.7979,0.8166,21.6997,0.8793,train
train_0115,1,8.5067,0.6649,20.5424,0.8367,train
train_0116,37,18.2462,0.8357,24.1446,0.9355,train
train_0117,9,17.7698,0.7823,21.8207,0.8948,train
train_0118,17,16.1894,0.912,27.7143,0.9622,train
train_0119,40,13.2503,0.8088,23.3967,0.912,train
train_0120,19,19.5157,0.8702,26.2345,0.9505,train
train_0121,20,12.3512,0.88,24.8951,0.9447,train
train_0122,24,20.3722,0.9362,24.4288,0.9432,train
train_0123,4,11.7584,0.8176,27.0536,0.9664,train
train_0124,16,11.6599,0.7948,23.6829,0.9224,train
train_0125,7,18.361,0.8408,22.7698,0.9098,train
train_0126,24,24.5156,0.9414,27.9286,0.9649,train
train_0127,38,6.2902,0.6358,21.6448,0.8556,train
train_0128,18,17.7181,0.8077,22.9478,0.9194,train
train_0129,45,10.9358,0.8255,22.9825,0.9173,train
train_0130,41,17.1641,0.8674,21.5093,0.8823,train
train_0131,44,19.5239,0.8701,24.4132,0.938,train
train_0132,20,16.0273,0.9239,29.7038,0.9803,train
train_0133,5,18.1824,0.845,26.3232,0.9589,train
train_0134,40,20.0162,0.8488,23.5046,0.9171,train
train_0135,16,14.7391,0.8221,21.9136,0.8841,train
train_0136,36,15.5602,0.796,24.6544,0.9372,train
train_0137,8,10.8322,0.7876,23.1586,0.9159,train
train_0138,26,10.8881,0.7874,21.4821,0.8581,train
train_0139,5,19.8956,0.8508,23.9444,0.9308,train
train_0140,43,8.8997,0.7571,22.3287,0.9026,train
train_0141,19,20.8894,0.8498,25.744,0.9476,train
train_0142,14,10.2909,0.8587,26.6712,0.953,train
train_0143,5,14.056,0.8248,26.4811,0.9593,train
train_0144,17,9.061,0.8177,25.9809,0.9556,train
train_0145,36,16.618,0.8037,21.1824,0.8683,train
train_0146,1,13.6655,0.7377,20.0624,0.8348,train
train_0147,26,6.6586,0.6893,22.7097,0.8878,train
train_0148,34,19.8053,0.8334,23.1823,0.9129,train
train_0149,3,16.3415,0.8262,23.903,0.9302,train
train_0150,41,5.0519,0.6357,21.2305,0.8792,train
train_0151,18,17.761,0.8166,20.0356,0.8518,train
train_0152,50,17.4886,0.8589,27.3121,0.9589,train
train_0153,38,19.2483,0.8114,20.2772,0.8263,train
train_0154,21,11.2476,0.8379,23.0994,0.9227,train
train_0155,1,17.8566,0.7752,23.272,0.9008,train
train_0156,25,16.9581,0.8546,22.1722,0.8952,train
train_0157,45,11.3272,0.8125,23.5819,0.9306,train
train_0158,26,12.152,0.8091,26.0475,0.9417,train
train_0159,14,10.6192,0.8739,28.8123,0.9674,train
train_0160,24,16.6064,0.9287,29.69,0.9733,train
train_0161,29,13.7338,0.825,26.2502,0.9565,train
train_0162,37,15.4859,0.8086,24.2108,0.9403,train
train_0163,34,14.665,0.8099,23.9442,0.9268,train
train_0164,6,10.7078,0.7947,24.8384,0.9416,train
train_0165,37,14.8974,0.8177,25.9704,0.9572,train
train_0166,34,9.3722,0.7682,25.189,0.9428,train
train_0167,41,7.6792,0.7553,26.368,0.9481,train
train_0168,46,13.0143,0.8357,21.7886,0.9099,train
train_0169,28,16.1104,0.8078,22.7631,0.8977,train
train_0170,18,13.9287,0.8055,22.2058,0.8998,train
train_0171,29,10.1922,0.7736,23.3336,0.9118,train
train_0172,1,16.031,0.7386,20.4754,0.8459,train
train_0173,18,17.634,0.84,26.6954,0.9649,train
train_0174,19,19.6516,0.8431,20.7985,0.8702,train
train_0175,2,9.9338,0.8079,24.525,0.9366,train
train_0176,30,11.4627,0.8221,23.4063,0.9175,train
train_0177,24,24.5613,0.9483,31.6821,0.982,train
train_0178,47,12.4367,0.8243,25.8474,0.9512,train
train_0179,30,14.7893,0.8591,22.6027,0.9007,train
train_0180,36,18.0649,0.832,25.4949,0.9445,train
train_0181,46,19.4587,0.8593,21.0028,0.892,train
train_0182,18,14.5686,0.8227,26.1531,0.9598,train
train_0183,48,18.0394,0.9237,28.0105,0.9726,train
train_0184,47,16.6163,0.8275,21.0823,0.8468,train
train_0185,3,11.6969,0.8209,27.9685,0.9668,train
train_0186,26,9.3623,0.7829,26.547,0.9491,train
train_0187,32,14.2378,0.8572,25.8726,0.9494,train
train_0188,48,19.3794,0.9245,28.5256,0.9758,train
train_0189,28,12.3646,0.778,22.725,0.9023,train
train_0190,50,16.9632,0.8176,24.0559,0.9243,train
train_0191,42,9.2588,0.7727,26.4724,0.9585,train
train_0192,29,18.1086,0.834,22.9179,0.8991,train
train_0193,6,16.3102,0.8426,25.6356,0.9489,train
train_0194,25,16.221,0.8489,21.4953,0.8821,train
train_0195,31,19.251,0.8478,26.1152,0.9476,train
train_0196,29,6.9686,0.6936,22.3083,0.8909,train
train_0197,9,18.572,0.7979,21.1684,0.8556,train
train_0198,8,15.702,0.8349,24.2951,0.9341,train
train_0199,36,15.6376,0.7856,22.7828,0.9089,train
val_0000,13,15.7813,0.8244,24.1888,0.9037,val
val_0001,13,14.5715,0.8089,21.5947,0.8521,val
val_0002,23,8.872,0.8082,25.5401,0.9477,val
val_0003,27,14.8568,0.8209,21.1371,0.8712,val
val_0004,27,15.2133,0.8236,22.8479,0.91,val
val_0005,10,12.8611,0.8411,25.5065,0.9427,val
val_0006,27,13.3705,0.842,26.3778,0.9589,val
val_0007,22,18.1272,0.8559,22.2399,0.9099,val
val_0008,22,6.9139,0.7147,22.3367,0.9103,val
val_0009,27,11.9712,0.808,22.9909,0.9155,val
val_0010,13,16.7993,0.8396,23.5531,0.895,val
val_0011,10,19.0883,0.8951,28.6279,0.9679,val
val_0012,10,6.3555,0.7026,26.8508,0.9597,val
val_0013,23,17.4933,0.8862,26.0479,0.9561,val
val_0014,22,12.5559,0.8294,22.6052,0.9169,val
val_0015,10,10.1367,0.8018,23.8667,0.9283,val
val_0016,27,9.4967,0.7688,21.7222,0.8785,val
val_0017,22,10.8617,0.8014,23.6975,0.9388,val
val_0018,22,12.8396,0.8398,24.1815,0.9405,val
val_0019,22,9.0224,0.7914,25.0315,0.9555,val
val_0020,23,13.4927,0.8686,25.4961,0.9498,val
val_0021,13,19.4339,0.8419,21.5692,0.8603,val
val_0022,13,11.6785,0.8074,24.5455,0.9126,val
val_0023,22,18.5947,0.8445,21.3105,0.8817,val
val_0024,13,19.3956,0.8443,25.0346,0.9192,val
val_0025,22,8.6804,0.7734,23.5026,0.9335,val
val_0026,10,21.1037,0.8682,27.5361,0.9636,val
val_0027,10,18.7544,0.8675,27.4314,0.9629,val
val_0028,22,18.821,0.8684,23.3489,0.9306,val
val_0029,22,19.1724,0.8543,22.267,0.911,val
val_0030,23,21.0224,0.8984,24.464,0.9287,val
val_0031,22,15.545,0.8486,23.3021,0.9346,val
val_0032,22,20.4102,0.8594,21.9473,0.9045,val
val_0033,13,11.5532,0.7958,21.472,0.8463,val
val_0034,27,6.5004,0.6807,23.6495,0.9273,val
val_0035,23,20.7412,0.8875,25.8008,0.9518,val
val_0036,27,19.6994,0.8414,20.6388,0.8532,val
val_0037,27,12.5556,0.8367,27.1666,0.9662,val
val_0038,13,21.6099,0.8532,24.3346,0.9104,val
val_0039,27,8.1581,0.7389,22.5465,0.9078,val
val_0040,27,15.945,0.8294,22.2316,0.8957,val
val_0041,22,7.7318,0.7411,23.8676,0.9394,val
val_0042,23,21.2031,0.8923,24.4451,0.9296,val
val_0043,23,20.7314,0.9,23.3396,0.9126,val
val_0044,27,19.1468,0.8429,22.9885,0.9122,val
val_0045,23,8.9375,0.8142,25.3001,0.9424,val
val_0046,13,10.2197,0.7877,23.4581,0.8977,val
val_0047,13,19.65,0.8495,23.7188,0.8955,val
val_0048,27,10.5656,0.7942,24.6298,0.9406,val
val_0049,10,16.545,0.8401,24.0569,0.9187,val
val_0050,10,10.6103,0.8312,29.5686,0.9752,val
val_0051,13,13.6021,0.8174,24.2811,0.9066,val
val_0052,22,8.1728,0.7505,21.0597,0.8856,val
val_0053,10,21.8387,0.8915,27.9224,0.9646,val
val_0054,27,14.0958,0.8145,19.6707,0.8199,val
val_0055,22,18.5185,0.8732,24.4825,0.9493,val
val_0056,10,21.069,0.8718,25.7762,0.9512,val
val_0057,27,7.6326,0.7183,22.0151,0.9022,val
val_0058,23,16.5239,0.887,25.9819,0.9536,val
val_0059,22,20.0212,0.8683,24.4456,0.9483,val
val_0060,13,20.9809,0.8338,22.6696,0.8706,val
val_0061,10,20.4116,0.8708,21.1319,0.8745,val
val_0062,13,19.4063,0.8358,20.8196,0.8434,val
val_0063,27,15.9934,0.826,23.6161,0.927,val
val_0064,13,14.8537,0.818,23.9219,0.9024,val
val_0065,22,14.3238,0.8455,23.1763,0.9246,val
val_0066,22,17.0312,0.8651,24.6074,0.9478,val
val_0067,23,21.5726,0.8909,23.5024,0.9166,val
val_0068,13,17.6004,0.8318,23.4546,0.8926,val
val_0069,27,16.2161,0.83,21.962,0.897,val
val_0070,13,6.9411,0.6918,23.621,0.8936,val
val_0071,10,8.554,0.7731,26.986,0.9618,val
val_0072,22,17.2118,0.8559,22.8065,0.9212,val
val_0073,23,17.705,0.9056,26.6707,0.9606,val
val_0074,23,19.8509,0.8917,22.7123,0.9006,val
val_0075,10,14.2318,0.8459,27.9519,0.9681,val
val_0076,13,4.6158,0.5845,22.2866,0.8706,val
val_0077,22,17.5122,0.852,22.1379,0.9088,val
val_0078,22,10.507,0.803,23.284,0.932,val
val_0079,22,9.7127,0.7861,22.161,0.9091,val
val_0080,22,5.168,0.6384,22.7092,0.9226,val
val_0081,27,8.7151,0.7562,20.7774,0.8566,val
val_0082,13,6.8394,0.699,22.3794,0.8755,val
val_0083,13,13.2713,0.8185,22.4319,0.8707,val
val_0084,13,18.8002,0.8352,24.3612,0.9066,val
val_0085,10,12.1731,0.8325,24.5859,0.927,val
val_0086,13,17.5871,0.8309,24.2949,0.9032,val
val_0087,27,17.1404,0.8296,24.3319,0.9377,val
val_0088,13,14.1829,0.8212,21.533,0.8553,val
val_0089,13,5.9429,0.6522,24.6088,0.9163,val
val_0090,13,18.7831,0.8377,23.1925,0.8853,val
val_0091,27,10.4414,0.7924,23.244,0.9215,val
val_0092,10,15.8884,0.8742,28.1372,0.9667,val
val_0093,13,15.0877,0.8251,23.72,0.8944,val
val_0094,10,13.6129,0.8424,23.9759,0.9228,val
val_0095,22,20.1054,0.8623,22.2123,0.9057,val
val_0096,27,7.2707,0.7299,25.541,0.9486,val
val_0097,23,16.7454,0.8926,25.6079,0.9437,val
val_0098,23,15.1347,0.8887,26.796,0.9622,val
val_0099,22,14.9683,0.8378,21.5599,0.8938,val
val_0100,23,20.1731,0.9039,26.6551,0.9611,val
val_0101,10,7.7113,0.7413,27.16,0.9611,val
val_0102,13,5.8442,0.6578,22.1858,0.8618,val
val_0103,27,18.4337,0.8525,25.0396,0.9427,val
val_0104,22,20.8518,0.8712,23.2484,0.9335,val
val_0105,10,16.8184,0.8631,27.7964,0.9658,val
val_0106,22,18.2642,0.873,25.3283,0.9566,val
val_0107,23,19.3586,0.8821,24.082,0.9278,val
val_0108,13,6.5625,0.6761,21.7053,0.8546,val
val_0109,10,21.6717,0.879,28.955,0.9718,val
val_0110,23,21.903,0.8982,23.3924,0.9115,val
val_0111,22,18.83,0.8636,23.2721,0.9293,val
val_0112,22,19.6292,0.8713,23.513,0.9343,val
val_0113,10,13.0289,0.8368,28.7397,0.9709,val
val_0114,23,8.4656,0.7909,23.5123,0.917,val
val_0115,10,13.082,0.8412,21.7086,0.8748,val
val_0116,23,20.5896,0.8845,24.542,0.937,val
val_0117,23,20.9799,0.8871,24.6503,0.9371,val
val_0118,10,8.6207,0.78,24.4623,0.9266,val
val_0119,13,5.8141,0.6524,23.187,0.8937,val
val_0120,27,21.3132,0.8703,26.7616,0.9629,val
val_0121,13,7.4543,0.7192,24.7532,0.9197,val
val_0122,27,9.2706,0.7606,20.034,0.8443,val
val_0123,22,7.1165,0.7247,23.1454,0.9295,val
val_0124,27,17.1225,0.8499,25.6346,0.9543,val
val_0125,10,10.1544,0.8165,25.2429,0.9413,val
val_0126,10,21.0999,0.8668,23.6176,0.9232,val
val_0127,13,17.8469,0.8335,23.7327,0.8986,val
val_0128,27,18.9343,0.8381,21.7915,0.881,val
val_0129,27,4.989,0.6002,22.7173,0.906,val
val_0130,23,12.2844,0.8634,25.959,0.9563,val
val_0131,27,7.9978,0.7299,22.6583,0.9088,val
val_0132,10,17.0849,0.8656,27.5699,0.9647,val
val_0133,23,21.1528,0.8942,23.612,0.9199,val
val_0134,22,16.2877,0.8824,25.5093,0.9611,val
val_0135,22,20.5177,0.8689,21.4971,0.8973,val
val_0136,23,15.3001,0.8796,25.7563,0.9515,val
val_0137,10,7.1843,0.7327,26.619,0.9617,val
val_0138,22,14.9339,0.8615,24.6135,0.9515,val
val_0139,27,20.738,0.8531,24.138,0.9326,val
val_0140,22,10.5523,0.8233,23.8111,0.9373,val
val_0141,13,21.6395,0.8497,24.4224,0.9119,val
val_0142,23,18.944,0.8858,24.1605,0.9269,val
val_0143,23,17.0349,0.8769,24.7549,0.9387,val
val_0144,22,10.4604,0.7953,22.0772,0.9097,val
val_0145,23,9.2006,0.8115,23.7324,0.9264,val
val_0146,27,13.5603,0.8203,24.1223,0.9333,val
val_0147,10,15.8879,0.8612,26.0978,0.9558,val
val_0148,10,7.392,0.7485,23.0288,0.9054,val
val_0149,23,10.8961,0.8452,23.4027,0.9193,val
val_0150,13,19.6946,0.8549,24.6515,0.92,val
val_0151,27,18.6378,0.8378,21.7198,0.8848,val
val_0152,13,12.1249,0.8088,21.9089,0.863,val
val_0153,13,14.3627,0.8154,23.8085,0.901,val
val_0154,22,7.8323,0.7415,22.9268,0.9277,val
val_0155,22,13.7523,0.8404,23.237,0.9316,val
val_0156,27,11.6086,0.7914,21.7835,0.8891,val
val_0157,13,20.2888,0.8374,22.0575,0.8662,val
val_0158,10,10.4057,0.8059,28.1041,0.9682,val
val_0159,13,12.8315,0.8091,22.0065,0.8685,val
val_0160,13,19.9885,0.8568,24.6316,0.9146,val
val_0161,10,21.4354,0.882,27.9813,0.9662,val
val_0162,22,9.1569,0.798,25.0935,0.9548,val
val_0163,10,10.5255,0.8177,26.6353,0.9551,val
val_0164,22,21.3703,0.8752,24.6335,0.9476,val
val_0165,22,12.0194,0.8243,24.2042,0.9443,val
val_0166,22,7.6834,0.7399,21.2905,0.886,val
val_0167,10,17.0366,0.8604,25.7787,0.9493,val
val_0168,22,13.2332,0.8526,24.4795,0.9438,val
val_0169,10,8.1972,0.7611,27.1604,0.9614,val
val_0170,23,20.5132,0.8991,25.2972,0.9397,val
val_0171,23,12.5699,0.8605,24.0082,0.9214,val
val_0172,23,13.0528,0.8801,27.0335,0.9623,val
val_0173,13,18.694,0.8397,21.5379,0.859,val
val_0174,23,12.3051,0.8572,25.2729,0.9461,val
val_0175,22,20.4571,0.8703,21.8576,0.9007,val
val_0176,22,11.3602,0.818,22.1001,0.9059,val
val_0177,22,20.509,0.8672,22.2266,0.9076,val
val_0178,23,18.2265,0.8827,22.6447,0.9096,val
val_0179,22,14.2864,0.84,20.6936,0.8718,val
val_0180,22,8.8871,0.7862,23.9373,0.9402,val
val_0181,10,9.2102,0.7872,25.7497,0.9477,val
val_0182,27,11.3844,0.8024,24.223,0.9296,val
val_0183,10,16.1031,0.856,27.0247,0.9617,val
val_0184,22,16.3508,0.8517,22.6048,0.9209,val
val_0185,10,17.4067,0.8589,25.6033,0.9487,val
val_0186,23,8.3789,0.7992,24.153,0.9235,val
val_0187,23,16.4468,0.8887,24.0401,0.928,val
val_0188,22,10.059,0.7867,20.9017,0.8838,val
val_0189,22,19.0456,0.8618,20.4556,0.8711,val
val_0190,13,18.3712,0.8453,22.9943,0.892,val
val_0191,23,13.3782,0.8576,24.3743,0.9299,val
val_0192,23,21.0987,0.8981,25.0823,0.9401,val
val_0193,13,17.3148,0.8402,22.4164,0.8729,val
val_0194,13,8.7198,0.7584,24.5468,0.9213,val
val_0195,22,5.9436,0.6801,23.0454,0.924,val
val_0196,27,19.5454,0.8338,23.7309,0.9293,val
val_0197,22,18.6559,0.8591,23.3371,0.9327,val
val_0198,27,11.8217,0.8004,20.5383,0.8601,val
val_0199,10,15.6336,0.8544,21.8267,0.8778,val
test_0000,35,19.0478,0.8076,24.0316,0.932,test
test_0001,49,8.7012,0.7536,19.821,0.8506,test
test_0002,35,12.0823,0.767,20.9351,0.8655,test
test_0003,49,10.7439,0.7898,22.7805,0.9035,test
test_0004,11,15.8895,0.8431,22.8814,0.9239,test
test_0005,11,16.174,0.8291,23.8363,0.9391,test
test_0006,39,14.9713,0.8575,25.8292,0.9504,test
test_0007,39,20.4093,0.8842,23.2209,0.9098,test
test_0008,11,12.8844,0.8273,25.0346,0.9527,test
test_0009,35,15.4408,0.8147,25.3337,0.9444,test
test_0010,39,20.9481,0.8836,23.626,0.9134,test
test_0011,11,12.5008,0.8223,25.0366,0.9512,test
test_0012,33,5.6021,0.6441,22.6263,0.9026,test
test_0013,35,16.2573,0.7978,22.6916,0.9078,test
test_0014,49,13.7668,0.8313,24.9565,0.9375,test
test_0015,33,20.5559,0.8565,23.27,0.9243,test
test_0016,49,18.3578,0.8356,23.4327,0.9221,test
test_0017,11,11.3757,0.8127,24.21,0.9414,test
test_0018,33,11.2036,0.8016,23.9258,0.9278,test
test_0019,33,16.7419,0.839,25.2123,0.947,test
test_0020,49,14.4395,0.8247,22.6623,0.9081,test
test_0021,33,19.9724,0.85,24.4662,0.9354,test
test_0022,11,5.7645,0.6533,22.9886,0.926,test
test_0023,49,12.399,0.8115,21.1934,0.8734,test
test_0024,33,15.9285,0.8188,21.3618,0.8749,test
test_0025,33,14.6827,0.8187,22.6735,0.9086,test
test_0026,35,19.0867,0.8055,21.7123,0.8858,test
test_0027,39,20.6117,0.8796,24.751,0.9349,test
test_0028,49,4.7089,0.5912,21.5471,0.8797,test
test_0029,39,17.947,0.8682,26.2214,0.9523,test
test_0030,39,18.4935,0.8773,22.7911,0.9006,test
test_0031,33,11.988,0.8072,23.4505,0.9197,test
test_0032,35,17.039,0.784,20.0302,0.8388,test
test_0033,11,19.6831,0.863,25.6756,0.9561,test
test_0034,35,18.3143,0.782,19.8209,0.8359,test
test_0035,33,12.8831,0.8099,24.6396,0.9405,test
test_0036,49,18.966,0.8382,22.5129,0.9049,test
test_0037,11,19.727,0.8377,21.5695,0.9048,test
test_0038,11,19.1956,0.8688,25.2925,0.9518,test
test_0039,49,15.6416,0.8213,22.7497,0.9118,test
test_0040,49,18.974,0.8347,21.6662,0.8835,test
test_0041,35,17.7411,0.7865,20.7042,0.857,test
test_0042,33,17.7882,0.8485,23.507,0.9166,test
test_0043,35,13.5866,0.7523,20.839,0.8613,test
test_0044,35,10.9165,0.7444,21.4284,0.8836,test
test_0045,39,11.0986,0.8443,27.322,0.9616,test
test_0046,35,18.0731,0.7733,20.8138,0.8643,test
test_0047,35,12.7935,0.8049,26.1692,0.956,test
test_0048,39,17.11,0.8695,23.6667,0.9143,test
test_0049,49,8.1862,0.7527,26.2597,0.9564,test
test_0050,49,10.2334,0.7853,21.2479,0.877,test
test_0051,35,16.5277,0.8285,25.3479,0.9508,test
test_0052,35,16.0696,0.7778,22.2168,0.9007,test
test_0053,11,19.9017,0.8477,22.8662,0.925,test
test_0054,33,9.3959,0.7795,25.8792,0.9498,test
test_0055,39,20.0551,0.866,23.3771,0.9126,test
test_0056,35,16.508,0.7722,22.1199,0.8993,test
test_0057,11,10.0912,0.7812,21.4482,0.9014,test
test_0058,33,12.4835,0.802,23.0861,0.916,test
test_0059,39,17.8877,0.8804,26.2449,0.9446,test
test_0060,11,18.7801,0.8447,24.1188,0.9417,test
test_0061,49,13.7847,0.8247,24.5773,0.9391,test
test_0062,49,12.9325,0.8161,21.1778,0.8737,test
test_0063,11,17.5853,0.8258,24.1677,0.9406,test
test_0064,11,9.239,0.7758,20.3746,0.8711,test
test_0065,11,7.1748,0.706,20.9124,0.8859,test
test_0066,11,9.8817,0.7649,20.7308,0.8869,test
test_0067,39,8.0028,0.7766,24.3655,0.9308,test
test_0068,11,8.0438,0.7368,21.3455,0.8974,test
test_0069,35,18.3022,0.8392,26.1229,0.9563,test
test_0070,33,14.3707,0.809,22.5721,0.9035,test
test_0071,49,9.9182,0.7935,25.8454,0.9419,test
test_0072,33,15.0828,0.8424,25.4712,0.952,test
test_0073,35,12.8154,0.785,25.6264,0.9505,test
test_0074,11,17.0875,0.8271,21.1958,0.8914,test
test_0075,49,19.4089,0.8372,21.4695,0.8772,test
test_0076,33,14.7923,0.8728,27.8029,0.9684,test
test_0077,39,17.7677,0.8794,25.4197,0.9392,test
test_0078,39,21.5567,0.8743,23.572,0.9132,test
test_0079,49,12.0006,0.8148,24.8714,0.9415,test
test_0080,49,19.1809,0.8356,21.7118,0.8812,test
test_0081,49,4.0261,0.5433,21.9943,0.8944,test
test_0082,39,21.2822,0.8869,25.2252,0.9324,test
test_0083,49,15.2009,0.8326,24.1717,0.9329,test
test_0084,49,14.295,0.8317,22.9594,0.9087,test
test_0085,11,11.0158,0.8091,24.882,0.9528,test
test_0086,35,11.2162,0.7789,26.2009,0.9549,test
test_0087,39,16.6284,0.8583,24.1144,0.929,test
test_0088,39,20.3832,0.8744,22.3518,0.8897,test
test_0089,39,12.2374,0.8308,23.2836,0.9204,test
test_0090,49,8.8774,0.7599,23.4467,0.9199,test
test_0091,33,19.5899,0.8353,22.147,0.8948,test
test_0092,39,8.4,0.7752,25.1643,0.9339,test
test_0093,33,19.2642,0.8575,26.1357,0.9533,test
test_0094,11,15.4081,0.8485,26.7311,0.9656,test
test_0095,49,7.336,0.719,23.0417,0.91,test
test_0096,39,21.7374,0.8902,26.9074,0.9569,test
test_0097,35,15.8212,0.793,23.7219,0.9298,test
test_0098,33,18.8223,0.83,20.8666,0.8602,test
test_0099,49,6.2189,0.6814,23.328,0.9204,test
test_0100,33,8.0262,0.7235,21.709,0.8889,test
test_0101,33,20.0914,0.8461,22.9745,0.9124,test
test_0102,33,11.4911,0.8019,24.6866,0.9399,test
test_0103,33,9.7688,0.7794,25.2783,0.9459,test
test_0104,35,7.2607,0.6582,21.6349,0.8907,test
test_0105,35,17.0685,0.7866,18.7857,0.8034,test
test_0106,33,9.2255,0.7626,23.2269,0.919,test
test_0107,11,7.8649,0.7417,23.0147,0.926,test
test_0108,49,20.0268,0.8482,24.2011,0.9322,test
test_0109,11,11.6164,0.8055,21.4552,0.9022,test
test_0110,39,10.3921,0.8206,23.1225,0.9051,test
test_0111,39,13.1382,0.8582,24.4912,0.9289,test
test_0112,11,17.2809,0.8212,22.5295,0.9213,test
test_0113,35,12.2624,0.7681,23.9932,0.9272,test
test_0114,39,11.9567,0.8526,26.9278,0.9617,test
test_0115,11,19.589,0.8431,24.0955,0.9419,test
test_0116,11,10.0501,0.7914,23.837,0.9353,test
test_0117,39,19.2934,0.8736,22.8327,0.9131,test
test_0118,35,15.23,0.7637,21.7181,0.8917,test
test_0119,49,13.8035,0.8278,24.3079,0.9345,test
test_0120,11,19.4489,0.8495,22.3176,0.9166,test
test_0121,33,7.4175,0.7091,21.7439,0.8992,test
test_0122,11,8.4754,0.7641,22.7564,0.9212,test
test_0123,39,11.5279,0.8224,23.9484,0.9225,test
test_0124,49,13.7507,0.8143,21.5181,0.8809,test
test_0125,39,20.8284,0.8804,23.694,0.9147,test
test_0126,11,5.9201,0.6599,19.5032,0.8491,test
test_0127,35,18.8678,0.8197,24.3548,0.9259,test
test_0128,11,15.605,0.8326,20.3844,0.8739,test
test_0129,35,6.1824,0.6345,22.6634,0.9024,test
test_0130,39,18.7775,0.8784,24.7969,0.9289,test
test_0131,35,17.6915,0.798,23.734,0.924,test
test_0132,49,17.7387,0.8369,22.0205,0.8984,test
test_0133,39,14.105,0.8668,26.7886,0.9574,test
test_0134,39,18.3222,0.8655,23.6715,0.9171,test
test_0135,49,20.6614,0.8573,24.5666,0.9362,test
test_0136,11,19.4504,0.845,24.7504,0.9481,test
test_0137,49,19.4773,0.8694,25.8119,0.9492,test
test_0138,35,19.4849,0.8045,23.0109,0.9168,test
test_0139,39,20.6892,0.8808,21.7961,0.8855,test
test_0140,39,17.4522,0.8784,27.2276,0.9611,test
test_0141,35,10.9217,0.7573,23.1392,0.9224,test
test_0142,49,17.8653,0.8414,23.3921,0.9203,test
test_0143,49,13.2688,0.8119,22.2151,0.8974,test
test_0144,35,17.393,0.7753,21.7316,0.8957,test
test_0145,11,13.0187,0.8211,24.3953,0.9471,test
test_0146,35,7.0974,0.6666,24.0006,0.93,test
test_0147,33,14.767,0.8044,22.073,0.8951,test
test_0148,35,13.238,0.762,20.876,0.8677,test
test_0149,49,13.4888,0.829,23.1322,0.9115,test
test_0150,33,18.8834,0.8276,21.7354,0.8881,test
test_0151,35,18.2981,0.7944,19.6033,0.8269,test
test_0152,33,18.9677,0.8396,21.5374,0.8799,test
test_0153,33,16.5277,0.8501,25.7747,0.9462,test
test_0154,33,15.0054,0.8636,27.9376,0.9681,test
test_0155,39,15.08,0.8763,28.2865,0.9685,test
test_0156,11,17.894,0.8336,24.0224,0.9415,test
test_0157,33,14.8009,0.8249,20.7171,0.8628,test
test_0158,11,9.3409,0.7705,23.8945,0.9377,test
test_0159,39,15.6051,0.8639,26.1496,0.9521,test
test_0160,35,15.5697,0.8015,23.0314,0.9097,test
test_0161,35,16.6653,0.8087,25.3022,0.943,test
test_0162,49,20.1336,0.85,24.1075,0.9285,test
test_0163,35,17.0237,0.7785,22.5235,0.9073,test
test_0164,11,19.3157,0.8466,20.8817,0.8854,test
test_0165,33,17.4847,0.8458,24.4276,0.9361,test
test_0166,39,11.5565,0.8424,26.3936,0.9536,test
test_0167,11,13.6997,0.8231,23.1416,0.9291,test
test_0168,39,20.413,0.8893,26.141,0.9471,test
test_0169,49,19.2026,0.8454,21.2745,0.8724,test
test_0170,39,21.0605,0.8874,24.7877,0.9293,test
test_0171,11,6.6051,0.6926,22.3346,0.9142,test
test_0172,33,19.6144,0.8401,21.5931,0.8771,test
test_0173,35,9.7701,0.7276,22.2023,0.892,test
test_0174,35,13.7431,0.7684,24.1715,0.9338,test
test_0175,33,12.8298,0.8095,24.2726,0.9356,test
test_0176,35,11.674,0.7549,23.3984,0.9224,test
test_0177,49,13.4383,0.833,25.355,0.9458,test
test_0178,35,15.7848,0.8007,24.6787,0.9405,test
test_0179,49,11.2162,0.8128,25.1275,0.9442,test
test_0180,33,5.7095,0.6541,24.2446,0.9334,test
test_0181,39,19.3809,0.8809,23.0394,0.9076,test
test_0182,35,18.5566,0.7826,22.1403,0.9017,test
test_0183,33,17.5314,0.8386,21.9468,0.8925,test
test_0184,49,13.966,0.8236,22.737,0.9055,test
test_0185,11,14.7128,0.8225,24.1331,0.9419,test
test_0186,11,8.4876,0.749,22.8934,0.9254,test
test_0187,35,17.9255,0.793,21.3966,0.8786,test
test_0188,33,19.3739,0.8467,22.716,0.9026,test
test_0189,33,20.7528,0.8503,24.6292,0.9406,test
test_0190,33,10.8448,0.807,25.7581,0.9534,test
test_0191,11,11.9369,0.8077,24.9236,0.9509,test
test_0192,33,19.4466,0.823,21.7037,0.8818,test
test_0193,35,14.7544,0.792,24.4156,0.935,test
test_0194,49,6.7941,0.7079,22.7571,0.9048,test
test_0195,35,6.884,0.6762,25.231,0.9448,test
test_0196,49,12.1467,0.8198,24.3619,0.9365,test
test_0197,11,15.8994,0.8325,23.9694,0.9393,test
test_0198,33,15.0885,0.8407,26.6201,0.9603,test
test_0199,35,11.9901,0.7806,24.7299,0.9413,test
